country,year,throughput,lpi_score,storm_count
Aruba,2019,195,4.36,6
Aruba,2020,301,4.25,1
Aruba,2021,385,4.37,9
Aruba,2022,367,4.71,5
Aruba,2023,232,4.7,4
Afghanistan,2019,769,2.5,6
Afghanistan,2020,690,2.9,3
Afghanistan,2021,750,2.49,5
Afghanistan,2022,785,2.87,3
Afghanistan,2023,707,2.71,8
Angola,2019,703,3.62,8
Angola,2020,743,3.65,4
Angola,2021,657,3.64,8
Angola,2022,686,3.51,9
Angola,2023,733,3.74,4
Anguilla,2019,869,3.32,5
Anguilla,2020,752,2.75,3
Anguilla,2021,926,3.19,1
Anguilla,2022,744,2.79,7
Anguilla,2023,900,2.85,3
Åland Islands,2019,116,2.82,6
Åland Islands,2020,61,3.12,2
Åland Islands,2021,95,3.11,8
Åland Islands,2022,94,2.85,4
Åland Islands,2023,20,3.15,6
Albania,2019,128,3.79,6
Albania,2020,238,3.51,8
Albania,2021,297,3.57,2
Albania,2022,195,3.56,4
Albania,2023,158,3.37,3
Andorra,2019,992,2.46,4
Andorra,2020,969,2.63,9
Andorra,2021,877,2.35,2
Andorra,2022,895,2.65,2
Andorra,2023,818,2.37,4
United Arab Emirates,2019,24,3.9,4
United Arab Emirates,2020,111,3.86,5
United Arab Emirates,2021,130,4.11,7
United Arab Emirates,2022,69,3.77,7
United Arab Emirates,2023,75,3.56,9
Argentina,2019,175,1.91,4
Argentina,2020,170,2.11,2
Argentina,2021,146,1.79,5
Argentina,2022,272,1.99,4
Argentina,2023,237,2.2,10
Armenia,2019,402,3.43,4
Armenia,2020,479,3.25,4
Armenia,2021,549,3.48,5
Armenia,2022,508,3.07,7
Armenia,2023,542,3.61,12
American Samoa,2019,391,4.07,3
American Samoa,2020,434,4,4
American Samoa,2021,505,3.99,6
American Samoa,2022,446,4.23,5
American Samoa,2023,481,4.03,6
Antarctica,2019,863,3.71,4
Antarctica,2020,844,3.53,7
Antarctica,2021,911,3.69,4
Antarctica,2022,745,3.44,4
Antarctica,2023,883,3.45,9
French Southern Territories,2019,748,3.46,4
French Southern Territories,2020,726,3.45,6
French Southern Territories,2021,798,3.16,6
French Southern Territories,2022,694,3.44,9
French Southern Territories,2023,855,3.57,3
Antigua and Barbuda,2019,591,4.26,2
Antigua and Barbuda,2020,586,4.53,7
Antigua and Barbuda,2021,587,4.52,8
Antigua and Barbuda,2022,621,4.5,6
Antigua and Barbuda,2023,559,4.09,9
Australia,2019,954,4.05,7
Australia,2020,883,4.22,5
Australia,2021,959,4.54,0
Australia,2022,907,4.39,3
Australia,2023,997,4.13,4
Austria,2019,264,2.17,2
Austria,2020,330,2.15,5
Austria,2021,219,2.54,8
Austria,2022,207,2.26,6
Austria,2023,204,2.43,3
Azerbaijan,2019,885,3.59,4
Azerbaijan,2020,800,3.31,8
Azerbaijan,2021,974,3.42,4
Azerbaijan,2022,808,3.3,3
Azerbaijan,2023,851,3.21,5
Burundi,2019,719,3.86,9
Burundi,2020,577,3.52,5
Burundi,2021,718,3.58,4
Burundi,2022,568,3.95,2
Burundi,2023,588,3.54,6
Belgium,2019,68,4.39,7
Belgium,2020,232,4.28,3
Belgium,2021,166,4.51,6
Belgium,2022,182,4.59,5
Belgium,2023,105,4.41,4
Benin,2019,982,2.77,9
Benin,2020,855,2.52,5
Benin,2021,937,2.59,2
Benin,2022,1015,2.48,9
Benin,2023,853,2.42,9
"Bonaire, Sint Eustatius and Saba",2019,491,2.23,9
"Bonaire, Sint Eustatius and Saba",2020,640,1.96,3
"Bonaire, Sint Eustatius and Saba",2021,448,2.3,9
"Bonaire, Sint Eustatius and Saba",2022,570,2.03,10
"Bonaire, Sint Eustatius and Saba",2023,543,1.97,4
Burkina Faso,2019,456,2.83,3
Burkina Faso,2020,326,2.84,4
Burkina Faso,2021,343,2.92,8
Burkina Faso,2022,373,3.26,7
Burkina Faso,2023,429,2.87,3
Bangladesh,2019,292,3.2,9
Bangladesh,2020,255,3.19,5
Bangladesh,2021,388,3,3
Bangladesh,2022,386,3.4,4
Bangladesh,2023,268,3.21,4
Bulgaria,2019,275,3.89,5
Bulgaria,2020,309,3.39,1
Bulgaria,2021,363,3.85,2
Bulgaria,2022,409,3.94,3
Bulgaria,2023,411,3.86,4
Bahrain,2019,534,4.33,7
Bahrain,2020,696,4.04,10
Bahrain,2021,630,4.05,8
Bahrain,2022,551,4.16,6
Bahrain,2023,582,4.12,6
Bahamas,2019,338,2.76,4
Bahamas,2020,451,2.42,1
Bahamas,2021,395,2.81,7
Bahamas,2022,360,2.72,4
Bahamas,2023,356,2.42,9
Bosnia and Herzegovina,2019,586,3.4,7
Bosnia and Herzegovina,2020,598,3.28,4
Bosnia and Herzegovina,2021,737,3.66,4
Bosnia and Herzegovina,2022,720,3.43,3
Bosnia and Herzegovina,2023,765,3.4,3
Saint Barthélemy,2019,804,2.25,10
Saint Barthélemy,2020,930,2.27,3
Saint Barthélemy,2021,866,2.38,6
Saint Barthélemy,2022,801,2.1,3
Saint Barthélemy,2023,942,2.49,4
Belarus,2019,470,3.04,6
Belarus,2020,480,3.18,2
Belarus,2021,438,2.99,10
Belarus,2022,482,3.36,3
Belarus,2023,484,2.82,7
Belize,2019,218,2.44,5
Belize,2020,284,1.89,7
Belize,2021,261,2.03,7
Belize,2022,225,1.91,7
Belize,2023,248,2.39,8
Bermuda,2019,622,4.14,3
Bermuda,2020,793,4.2,4
Bermuda,2021,654,4.02,1
Bermuda,2022,747,4.32,7
Bermuda,2023,746,4.13,10
"Bolivia, Plurinational State of",2019,85,2.12,5
"Bolivia, Plurinational State of",2020,66,2.16,6
"Bolivia, Plurinational State of",2021,27,2.31,6
"Bolivia, Plurinational State of",2022,142,2.21,7
"Bolivia, Plurinational State of",2023,137,1.86,7
Brazil,2019,283,4.51,6
Brazil,2020,317,4.48,8
Brazil,2021,267,4.42,4
Brazil,2022,292,4.63,7
Brazil,2023,277,4.12,7
Barbados,2019,86,4.46,9
Barbados,2020,31,4.58,10
Barbados,2021,113,4.3,4
Barbados,2022,25,4.34,3
Barbados,2023,207,4.49,3
Brunei Darussalam,2019,737,2.38,3
Brunei Darussalam,2020,603,2.11,4
Brunei Darussalam,2021,726,2.02,5
Brunei Darussalam,2022,625,2.45,2
Brunei Darussalam,2023,749,1.91,4
Bhutan,2019,698,2.87,3
Bhutan,2020,634,3.18,2
Bhutan,2021,657,2.99,6
Bhutan,2022,754,3.03,5
Bhutan,2023,743,2.81,13
Bouvet Island,2019,884,2.83,2
Bouvet Island,2020,910,2.96,3
Bouvet Island,2021,918,2.48,5
Bouvet Island,2022,922,2.99,6
Bouvet Island,2023,951,2.98,5
Botswana,2019,608,3.34,1
Botswana,2020,670,3.45,10
Botswana,2021,669,3.67,7
Botswana,2022,551,3.64,3
Botswana,2023,597,3.23,11
Central African Republic,2019,731,3.22,4
Central African Republic,2020,811,3.34,11
Central African Republic,2021,848,3.29,4
Central African Republic,2022,733,3.14,4
Central African Republic,2023,781,3.24,5
Canada,2019,886,2.54,6
Canada,2020,788,2.8,2
Canada,2021,908,2.49,10
Canada,2022,897,2.4,6
Canada,2023,766,2.59,3
Cocos (Keeling) Islands,2019,817,2.42,10
Cocos (Keeling) Islands,2020,941,2.68,5
Cocos (Keeling) Islands,2021,933,2.58,3
Cocos (Keeling) Islands,2022,825,2.83,4
Cocos (Keeling) Islands,2023,860,2.67,4
Switzerland,2019,66,4.18,3
Switzerland,2020,105,4.55,4
Switzerland,2021,157,4.42,4
Switzerland,2022,116,4.48,4
Switzerland,2023,117,4.25,7
Chile,2019,815,3.48,8
Chile,2020,768,3.35,5
Chile,2021,762,3.74,8
Chile,2022,897,3.78,5
Chile,2023,796,3.81,7
China,2019,260,3.03,2
China,2020,189,2.91,3
China,2021,180,2.98,3
China,2022,322,2.91,5
China,2023,186,2.9,6
Côte d'Ivoire,2019,772,4.11,2
Côte d'Ivoire,2020,694,4.01,4
Côte d'Ivoire,2021,693,4.5,6
Côte d'Ivoire,2022,703,4.14,2
Côte d'Ivoire,2023,852,4.35,5
Cameroon,2019,728,4.51,9
Cameroon,2020,565,4.48,5
Cameroon,2021,578,4.34,4
Cameroon,2022,596,4.59,7
Cameroon,2023,727,4.38,1
"Congo, The Democratic Republic of the",2019,710,3.09,5
"Congo, The Democratic Republic of the",2020,715,3.2,2
"Congo, The Democratic Republic of the",2021,597,2.9,4
"Congo, The Democratic Republic of the",2022,699,3.08,5
"Congo, The Democratic Republic of the",2023,642,3.1,2
Congo,2019,480,3.66,3
Congo,2020,490,3.34,5
Congo,2021,498,3.62,2
Congo,2022,388,3.44,5
Congo,2023,394,3.22,7
Cook Islands,2019,144,3.02,4
Cook Islands,2020,129,2.58,8
Cook Islands,2021,154,2.58,5
Cook Islands,2022,183,3.04,5
Cook Islands,2023,115,2.91,1
Colombia,2019,1038,1.91,3
Colombia,2020,946,1.81,6
Colombia,2021,1047,2.23,4
Colombia,2022,994,1.81,4
Colombia,2023,978,2.04,7
Comoros,2019,375,3.46,6
Comoros,2020,500,3.39,6
Comoros,2021,397,3.59,6
Comoros,2022,414,3.13,4
Comoros,2023,421,3.14,5
Cabo Verde,2019,620,4.13,7
Cabo Verde,2020,629,4.41,6
Cabo Verde,2021,785,4.32,5
Cabo Verde,2022,775,4.23,2
Cabo Verde,2023,762,4.43,6
Costa Rica,2019,363,3.99,5
Costa Rica,2020,472,4.17,7
Costa Rica,2021,332,3.85,3
Costa Rica,2022,428,4.29,4
Costa Rica,2023,490,3.84,4
Cuba,2019,457,4.18,7
Cuba,2020,323,4.08,5
Cuba,2021,460,4.25,3
Cuba,2022,333,4.32,3
Cuba,2023,470,4.23,5
Curaçao,2019,681,2.5,0
Curaçao,2020,600,2.45,2
Curaçao,2021,608,2.24,5
Curaçao,2022,642,2.54,6
Curaçao,2023,598,2.27,6
Christmas Island,2019,732,4.19,8
Christmas Island,2020,719,4.37,5
Christmas Island,2021,710,3.98,6
Christmas Island,2022,703,4.31,3
Christmas Island,2023,645,4.15,2
Cayman Islands,2019,892,4.64,8
Cayman Islands,2020,884,4.55,5
Cayman Islands,2021,764,4.45,4
Cayman Islands,2022,878,4.72,4
Cayman Islands,2023,835,4.65,3
Cyprus,2019,138,2.38,2
Cyprus,2020,68,2.8,4
Cyprus,2021,47,2.77,2
Cyprus,2022,97,2.77,3
Cyprus,2023,117,2.57,5
Czechia,2019,940,3.03,2
Czechia,2020,943,3.34,7
Czechia,2021,930,3.43,5
Czechia,2022,807,3.05,8
Czechia,2023,852,3.06,2
Germany,2019,960,4.3,6
Germany,2020,892,4.69,8
Germany,2021,934,4.57,6
Germany,2022,836,4.45,7
Germany,2023,828,4.75,3
Djibouti,2019,200,2.63,5
Djibouti,2020,88,2.84,4
Djibouti,2021,148,2.97,2
Djibouti,2022,145,2.99,7
Djibouti,2023,90,2.85,4
Dominica,2019,339,2.78,5
Dominica,2020,293,3.15,4
Dominica,2021,231,2.92,8
Dominica,2022,310,3.15,5
Dominica,2023,213,2.71,5
Denmark,2019,891,3.58,6
Denmark,2020,774,3.78,4
Denmark,2021,816,3.72,2
Denmark,2022,910,3.95,10
Denmark,2023,808,3.61,5
Dominican Republic,2019,183,3.33,4
Dominican Republic,2020,107,3.18,6
Dominican Republic,2021,263,3.25,4
Dominican Republic,2022,157,3.12,7
Dominican Republic,2023,175,3.47,5
Algeria,2019,826,3.26,3
Algeria,2020,635,3.24,7
Algeria,2021,813,3.48,3
Algeria,2022,770,3.25,3
Algeria,2023,774,3.44,3
Ecuador,2019,88,2.54,6
Ecuador,2020,32,2.35,3
Ecuador,2021,10,2.52,4
Ecuador,2022,132,2.13,2
Ecuador,2023,130,2.53,3
Egypt,2019,126,3.22,6
Egypt,2020,226,3.27,7
Egypt,2021,217,3.42,10
Egypt,2022,189,3.25,3
Egypt,2023,212,3.15,2
Eritrea,2019,321,3.39,4
Eritrea,2020,318,3.52,4
Eritrea,2021,474,3.75,4
Eritrea,2022,472,3.6,7
Eritrea,2023,366,3.66,6
Western Sahara,2019,697,2.9,4
Western Sahara,2020,727,2.85,3
Western Sahara,2021,676,2.79,11
Western Sahara,2022,644,3.08,4
Western Sahara,2023,538,2.84,4
Spain,2019,736,3.82,5
Spain,2020,652,3.52,3
Spain,2021,688,3.82,6
Spain,2022,659,3.88,2
Spain,2023,700,3.78,4
Estonia,2019,518,4.07,2
Estonia,2020,561,4.31,3
Estonia,2021,577,4.12,4
Estonia,2022,568,4.26,8
Estonia,2023,557,4.36,4
Ethiopia,2019,109,2.79,4
Ethiopia,2020,35,2.41,6
Ethiopia,2021,40,2.51,7
Ethiopia,2022,125,2.65,3
Ethiopia,2023,163,2.34,5
Finland,2019,716,2.85,9
Finland,2020,586,2.36,11
Finland,2021,671,2.66,5
Finland,2022,639,2.76,3
Finland,2023,666,2.79,6
Fiji,2019,523,4.71,4
Fiji,2020,582,4.2,3
Fiji,2021,620,4.41,4
Fiji,2022,655,4.76,5
Fiji,2023,570,4.39,3
Falkland Islands (Malvinas),2019,340,3.93,7
Falkland Islands (Malvinas),2020,415,3.58,3
Falkland Islands (Malvinas),2021,398,3.49,2
Falkland Islands (Malvinas),2022,412,3.93,5
Falkland Islands (Malvinas),2023,302,3.55,5
France,2019,372,3.48,2
France,2020,431,3.28,5
France,2021,348,3.31,3
France,2022,407,3.66,6
France,2023,375,3.55,4
Faroe Islands,2019,281,2.57,1
Faroe Islands,2020,195,2.18,4
Faroe Islands,2021,316,2.33,6
Faroe Islands,2022,159,2.54,3
Faroe Islands,2023,129,2.28,6
"Micronesia, Federated States of",2019,684,3.61,5
"Micronesia, Federated States of",2020,642,3.21,5
"Micronesia, Federated States of",2021,630,3.47,6
"Micronesia, Federated States of",2022,631,3.51,6
"Micronesia, Federated States of",2023,614,3.11,0
Gabon,2019,1029,3.42,4
Gabon,2020,945,3.55,1
Gabon,2021,998,3.7,7
Gabon,2022,951,3.5,8
Gabon,2023,994,3.3,5
United Kingdom,2019,121,3.9,5
United Kingdom,2020,230,3.99,6
United Kingdom,2021,167,3.92,9
United Kingdom,2022,250,3.64,5
United Kingdom,2023,119,3.8,5
Georgia,2019,733,3.34,6
Georgia,2020,711,3.18,5
Georgia,2021,771,3.32,6
Georgia,2022,587,3.09,8
Georgia,2023,752,2.77,9
Guernsey,2019,952,2.35,2
Guernsey,2020,936,2.24,5
Guernsey,2021,976,2.29,6
Guernsey,2022,905,2.05,5
Guernsey,2023,934,2.31,1
Ghana,2019,195,2.93,11
Ghana,2020,177,2.64,3
Ghana,2021,158,2.99,7
Ghana,2022,154,2.6,4
Ghana,2023,159,2.94,7
Gibraltar,2019,1069,2.1,5
Gibraltar,2020,1005,2.22,5
Gibraltar,2021,962,2.22,4
Gibraltar,2022,921,2.41,1
Gibraltar,2023,1087,1.94,3
Guinea,2019,902,3.39,2
Guinea,2020,920,3.54,6
Guinea,2021,770,3.23,10
Guinea,2022,834,3.15,3
Guinea,2023,891,3.42,4
Guadeloupe,2019,803,2.67,5
Guadeloupe,2020,674,3.2,5
Guadeloupe,2021,761,2.82,4
Guadeloupe,2022,790,3.15,4
Guadeloupe,2023,754,3.16,8
Gambia,2019,1000,3.93,7
Gambia,2020,961,3.74,9
Gambia,2021,840,3.62,3
Gambia,2022,900,3.8,6
Gambia,2023,981,4.08,3
Guinea-Bissau,2019,856,4.09,5
Guinea-Bissau,2020,1005,3.84,6
Guinea-Bissau,2021,942,4.11,4
Guinea-Bissau,2022,985,4,3
Guinea-Bissau,2023,862,4,4
Equatorial Guinea,2019,657,3.68,6
Equatorial Guinea,2020,615,3.51,4
Equatorial Guinea,2021,678,3.57,4
Equatorial Guinea,2022,594,3.61,1
Equatorial Guinea,2023,512,3.33,9
Greece,2019,902,4.1,4
Greece,2020,764,4.09,4
Greece,2021,840,3.84,6
Greece,2022,841,4.01,4
Greece,2023,808,3.79,5
Grenada,2019,668,4.08,7
Grenada,2020,720,4.29,6
Grenada,2021,574,4.24,5
Grenada,2022,728,4.3,6
Grenada,2023,710,3.99,2
Greenland,2019,503,2.65,10
Greenland,2020,515,2.47,3
Greenland,2021,518,2.4,3
Greenland,2022,482,2.8,6
Greenland,2023,459,2.62,6
Guatemala,2019,939,3.13,4
Guatemala,2020,907,3.09,4
Guatemala,2021,949,2.93,6
Guatemala,2022,1011,3.19,3
Guatemala,2023,917,2.9,3
French Guiana,2019,444,4.31,10
French Guiana,2020,286,4.51,3
French Guiana,2021,381,4.48,6
French Guiana,2022,456,4.67,12
French Guiana,2023,300,4.52,5
Guam,2019,128,4.04,6
Guam,2020,134,4,3
Guam,2021,73,4.17,5
Guam,2022,208,4.14,4
Guam,2023,45,4.02,3
Guyana,2019,174,3.62,5
Guyana,2020,229,3.76,9
Guyana,2021,233,3.57,6
Guyana,2022,238,3.87,5
Guyana,2023,327,3.42,6
Hong Kong,2019,926,4.23,9
Hong Kong,2020,761,4.02,7
Hong Kong,2021,912,4.18,4
Hong Kong,2022,839,4.3,5
Hong Kong,2023,738,4.06,1
Heard Island and McDonald Islands,2019,157,3.59,3
Heard Island and McDonald Islands,2020,192,3.4,3
Heard Island and McDonald Islands,2021,235,3.66,3
Heard Island and McDonald Islands,2022,184,3.71,7
Heard Island and McDonald Islands,2023,309,3.31,2
Honduras,2019,368,3.45,3
Honduras,2020,332,3.67,3
Honduras,2021,311,3.62,6
Honduras,2022,396,3.51,0
Honduras,2023,309,3.96,6
Croatia,2019,232,3.11,2
Croatia,2020,189,2.96,7
Croatia,2021,245,2.76,7
Croatia,2022,221,3.09,2
Croatia,2023,223,2.84,8
Haiti,2019,690,2.5,2
Haiti,2020,745,2.08,5
Haiti,2021,722,2.27,3
Haiti,2022,702,2.12,6
Haiti,2023,683,2.36,2
Hungary,2019,514,2.24,6
Hungary,2020,616,1.88,6
Hungary,2021,464,1.83,3
Hungary,2022,581,2.38,4
Hungary,2023,502,1.93,3
Indonesia,2019,918,4.2,3
Indonesia,2020,891,4.23,3
Indonesia,2021,942,4.67,6
Indonesia,2022,861,4.62,2
Indonesia,2023,823,4.33,2
Isle of Man,2019,462,2.13,5
Isle of Man,2020,477,1.97,5
Isle of Man,2021,372,2.1,1
Isle of Man,2022,515,2.12,5
Isle of Man,2023,442,2.09,5
India,2019,810,3.4,6
India,2020,909,3.32,2
India,2021,936,3.15,6
India,2022,890,3.18,5
India,2023,868,3.23,8
British Indian Ocean Territory,2019,170,3.49,7
British Indian Ocean Territory,2020,93,3.51,5
British Indian Ocean Territory,2021,104,3.52,7
British Indian Ocean Territory,2022,85,3.49,5
British Indian Ocean Territory,2023,198,3.25,4
Ireland,2019,321,3.19,4
Ireland,2020,396,3.26,4
Ireland,2021,462,3.32,8
Ireland,2022,311,3.39,3
Ireland,2023,406,2.88,7
"Iran, Islamic Republic of",2019,1042,3.24,6
"Iran, Islamic Republic of",2020,972,3.1,9
"Iran, Islamic Republic of",2021,1057,3.55,2
"Iran, Islamic Republic of",2022,1025,3.5,6
"Iran, Islamic Republic of",2023,940,3.21,6
Iraq,2019,340,3.02,1
Iraq,2020,357,2.71,3
Iraq,2021,324,2.76,4
Iraq,2022,420,3.13,9
Iraq,2023,328,3.11,1
Iceland,2019,642,3.6,9
Iceland,2020,637,3.69,4
Iceland,2021,743,3.82,5
Iceland,2022,744,3.62,5
Iceland,2023,566,3.92,6
Israel,2019,454,3.07,6
Israel,2020,458,2.83,4
Israel,2021,338,2.6,3
Israel,2022,511,2.95,8
Israel,2023,326,2.92,5
Italy,2019,309,3.86,6
Italy,2020,197,4.19,2
Italy,2021,214,4.26,7
Italy,2022,221,3.78,5
Italy,2023,344,3.92,4
Jamaica,2019,692,3.67,3
Jamaica,2020,565,3.76,7
Jamaica,2021,655,3.68,3
Jamaica,2022,592,3.47,3
Jamaica,2023,681,3.63,2
Jersey,2019,732,3.67,9
Jersey,2020,654,3.89,4
Jersey,2021,713,3.7,2
Jersey,2022,727,3.49,5
Jersey,2023,710,3.42,7
Jordan,2019,845,3.67,2
Jordan,2020,855,3.78,3
Jordan,2021,883,3.39,6
Jordan,2022,828,3.81,8
Jordan,2023,869,3.31,4
Japan,2019,648,3.64,10
Japan,2020,645,3.76,5
Japan,2021,557,3.5,3
Japan,2022,644,3.67,6
Japan,2023,716,3.67,4
Kazakhstan,2019,181,2.87,6
Kazakhstan,2020,172,2.56,5
Kazakhstan,2021,20,2.88,5
Kazakhstan,2022,114,2.77,4
Kazakhstan,2023,183,2.41,8
Kenya,2019,946,3.69,3
Kenya,2020,821,4.19,3
Kenya,2021,790,3.88,3
Kenya,2022,767,4.1,6
Kenya,2023,885,3.98,3
Kyrgyzstan,2019,228,4.6,2
Kyrgyzstan,2020,96,4.23,5
Kyrgyzstan,2021,79,4.44,6
Kyrgyzstan,2022,157,4.16,6
Kyrgyzstan,2023,240,4.12,5
Cambodia,2019,1049,4,8
Cambodia,2020,1006,4.14,7
Cambodia,2021,866,3.77,8
Cambodia,2022,975,4.17,3
Cambodia,2023,1029,3.64,6
Kiribati,2019,860,4.36,6
Kiribati,2020,861,4.13,4
Kiribati,2021,700,3.86,3
Kiribati,2022,820,3.92,3
Kiribati,2023,819,4,3
Saint Kitts and Nevis,2019,255,2.47,7
Saint Kitts and Nevis,2020,353,2.44,3
Saint Kitts and Nevis,2021,353,2.53,7
Saint Kitts and Nevis,2022,277,2.15,8
Saint Kitts and Nevis,2023,363,2.16,5
"Korea, Republic of",2019,165,2.54,0
"Korea, Republic of",2020,29,2.34,8
"Korea, Republic of",2021,177,2.46,6
"Korea, Republic of",2022,83,2.66,7
"Korea, Republic of",2023,161,2.51,8
Kuwait,2019,289,4.01,2
Kuwait,2020,269,4.27,5
Kuwait,2021,195,4.09,2
Kuwait,2022,325,4.24,7
Kuwait,2023,301,3.94,10
Lao People's Democratic Republic,2019,205,2.52,6
Lao People's Democratic Republic,2020,270,2.78,1
Lao People's Democratic Republic,2021,261,2.35,10
Lao People's Democratic Republic,2022,282,2.8,5
Lao People's Democratic Republic,2023,286,2.38,7
Lebanon,2019,203,2.65,3
Lebanon,2020,161,2.68,3
Lebanon,2021,60,2.44,10
Lebanon,2022,108,2.65,8
Lebanon,2023,162,2.92,7
Liberia,2019,647,3.32,10
Liberia,2020,635,3.38,4
Liberia,2021,679,3.02,6
Liberia,2022,668,3.22,6
Liberia,2023,659,3.26,7
Libya,2019,804,2.98,6
Libya,2020,643,3.24,5
Libya,2021,656,3.39,2
Libya,2022,779,3.36,8
Libya,2023,790,3.29,5
Saint Lucia,2019,802,2.3,2
Saint Lucia,2020,839,2.24,4
Saint Lucia,2021,811,2.38,3
Saint Lucia,2022,770,2.67,8
Saint Lucia,2023,704,2.51,2
Liechtenstein,2019,1055,2.17,8
Liechtenstein,2020,887,2.22,4
Liechtenstein,2021,1052,1.85,6
Liechtenstein,2022,963,1.97,6
Liechtenstein,2023,1004,2.32,5
Sri Lanka,2019,525,4.01,7
Sri Lanka,2020,442,3.73,7
Sri Lanka,2021,481,3.95,4
Sri Lanka,2022,405,4.23,2
Sri Lanka,2023,382,4.07,6
Lesotho,2019,156,3.42,7
Lesotho,2020,122,3.28,4
Lesotho,2021,26,3.26,7
Lesotho,2022,74,3.12,6
Lesotho,2023,37,3.45,5
Lithuania,2019,291,2.62,6
Lithuania,2020,242,2.94,7
Lithuania,2021,278,2.83,4
Lithuania,2022,353,2.93,3
Lithuania,2023,222,2.7,11
Luxembourg,2019,253,3.82,5
Luxembourg,2020,207,3.75,2
Luxembourg,2021,312,3.82,4
Luxembourg,2022,198,3.64,2
Luxembourg,2023,315,4.01,3
Latvia,2019,794,3.14,6
Latvia,2020,701,2.94,5
Latvia,2021,600,3.08,5
Latvia,2022,768,3.11,3
Latvia,2023,629,3.31,9
Macao,2019,406,3.63,10
Macao,2020,392,4.12,4
Macao,2021,360,4.07,5
Macao,2022,482,4.16,4
Macao,2023,365,3.8,2
Saint Martin (French part),2019,131,3.82,7
Saint Martin (French part),2020,102,3.89,6
Saint Martin (French part),2021,163,3.7,3
Saint Martin (French part),2022,268,3.7,9
Saint Martin (French part),2023,203,3.75,7
Morocco,2019,567,3.16,3
Morocco,2020,521,2.98,4
Morocco,2021,537,3.02,2
Morocco,2022,565,3.3,8
Morocco,2023,615,3.2,5
Monaco,2019,166,1.95,3
Monaco,2020,181,2.09,7
Monaco,2021,213,2.02,5
Monaco,2022,163,2.25,2
Monaco,2023,262,2.05,2
"Moldova, Republic of",2019,422,2.72,3
"Moldova, Republic of",2020,473,2.88,1
"Moldova, Republic of",2021,462,2.67,5
"Moldova, Republic of",2022,388,2.98,5
"Moldova, Republic of",2023,540,2.85,3
Madagascar,2019,797,3.03,4
Madagascar,2020,811,2.88,5
Madagascar,2021,826,3.25,7
Madagascar,2022,802,3.34,5
Madagascar,2023,753,3.22,4
Maldives,2019,927,2.16,2
Maldives,2020,910,2.4,3
Maldives,2021,875,2.07,6
Maldives,2022,818,2.31,4
Maldives,2023,738,2.42,7
Mexico,2019,629,3.49,2
Mexico,2020,598,3.28,3
Mexico,2021,698,3.13,7
Mexico,2022,651,3.14,4
Mexico,2023,625,3.07,2
Marshall Islands,2019,303,2.38,2
Marshall Islands,2020,425,2.38,7
Marshall Islands,2021,401,2.27,4
Marshall Islands,2022,382,2.37,5
Marshall Islands,2023,297,2.1,3
North Macedonia,2019,762,2.88,5
North Macedonia,2020,647,3.01,8
North Macedonia,2021,740,2.69,5
North Macedonia,2022,781,2.98,8
North Macedonia,2023,617,3.11,3
Mali,2019,847,2.26,2
Mali,2020,802,2.34,3
Mali,2021,915,1.96,1
Mali,2022,815,1.91,6
Mali,2023,861,1.96,3
Malta,2019,382,2.86,7
Malta,2020,495,2.96,4
Malta,2021,481,3.27,6
Malta,2022,479,2.97,2
Malta,2023,524,3.29,11
Myanmar,2019,420,2.77,7
Myanmar,2020,393,2.8,5
Myanmar,2021,340,2.64,6
Myanmar,2022,391,2.6,6
Myanmar,2023,425,2.46,10
Montenegro,2019,804,2.85,4
Montenegro,2020,826,3.23,5
Montenegro,2021,907,3.23,4
Montenegro,2022,856,2.75,6
Montenegro,2023,761,3.09,5
Mongolia,2019,714,2.59,6
Mongolia,2020,728,2.6,7
Mongolia,2021,779,2.84,8
Mongolia,2022,790,3.01,4
Mongolia,2023,741,3.02,5
Northern Mariana Islands,2019,600,3.28,6
Northern Mariana Islands,2020,502,3.71,1
Northern Mariana Islands,2021,587,3.5,6
Northern Mariana Islands,2022,632,3.52,6
Northern Mariana Islands,2023,495,3.58,5
Mozambique,2019,522,3.75,4
Mozambique,2020,576,3.63,7
Mozambique,2021,513,3.89,4
Mozambique,2022,493,4.01,7
Mozambique,2023,423,3.92,2
Mauritania,2019,988,3.92,2
Mauritania,2020,967,4.02,6
Mauritania,2021,1070,3.53,4
Mauritania,2022,973,3.97,10
Mauritania,2023,881,3.85,5
Montserrat,2019,749,4.26,7
Montserrat,2020,775,4.28,3
Montserrat,2021,765,4.25,6
Montserrat,2022,807,3.82,1
Montserrat,2023,858,4.31,7
Martinique,2019,557,3.09,5
Martinique,2020,648,3.13,4
Martinique,2021,731,3.12,4
Martinique,2022,604,3.17,14
Martinique,2023,676,2.96,7
Mauritius,2019,203,4.49,8
Mauritius,2020,235,4.38,4
Mauritius,2021,355,4.75,5
Mauritius,2022,350,4.4,5
Mauritius,2023,349,4.42,5
Malawi,2019,1029,3.75,3
Malawi,2020,1039,3.59,7
Malawi,2021,861,3.6,7
Malawi,2022,1008,3.69,8
Malawi,2023,933,3.42,5
Malaysia,2019,795,3.69,1
Malaysia,2020,825,3.91,7
Malaysia,2021,758,3.73,3
Malaysia,2022,720,3.76,5
Malaysia,2023,749,3.76,6
Mayotte,2019,553,3.55,6
Mayotte,2020,515,3.72,3
Mayotte,2021,595,3.62,9
Mayotte,2022,547,3.64,6
Mayotte,2023,665,3.5,7
Namibia,2019,803,4,1
Namibia,2020,864,4.19,3
Namibia,2021,797,4.25,9
Namibia,2022,892,4.17,4
Namibia,2023,931,4.26,10
New Caledonia,2019,548,3.35,7
New Caledonia,2020,589,3.34,7
New Caledonia,2021,576,3.03,2
New Caledonia,2022,521,3.04,5
New Caledonia,2023,631,3.55,5
Niger,2019,160,2.46,2
Niger,2020,195,2.05,5
Niger,2021,19,2.13,5
Niger,2022,89,2.27,3
Niger,2023,17,2.43,6
Norfolk Island,2019,759,3.98,1
Norfolk Island,2020,828,3.78,7
Norfolk Island,2021,883,3.69,9
Norfolk Island,2022,854,3.87,4
Norfolk Island,2023,757,3.99,4
Nigeria,2019,668,3.41,4
Nigeria,2020,739,3.56,11
Nigeria,2021,799,3.46,3
Nigeria,2022,720,3.39,6
Nigeria,2023,788,3.74,6
Nicaragua,2019,558,3.17,8
Nicaragua,2020,551,3.06,4
Nicaragua,2021,644,2.94,6
Nicaragua,2022,612,2.7,5
Nicaragua,2023,643,2.96,4
Niue,2019,358,3.11,4
Niue,2020,320,2.94,3
Niue,2021,305,3.31,4
Niue,2022,465,3.32,9
Niue,2023,385,2.96,5
Netherlands,2019,792,2.88,7
Netherlands,2020,809,3.07,7
Netherlands,2021,774,3.38,2
Netherlands,2022,641,3.2,3
Netherlands,2023,762,2.97,4
Norway,2019,860,3.25,6
Norway,2020,1015,3.52,9
Norway,2021,839,3.34,5
Norway,2022,914,3.72,3
Norway,2023,887,3.71,7
Nepal,2019,336,3.98,3
Nepal,2020,325,4.28,7
Nepal,2021,319,4.15,4
Nepal,2022,367,3.93,3
Nepal,2023,342,4.4,0
Nauru,2019,627,4.03,3
Nauru,2020,616,4.44,5
Nauru,2021,580,4.32,7
Nauru,2022,749,4.15,3
Nauru,2023,579,4.27,8
New Zealand,2019,508,3.58,5
New Zealand,2020,508,3.64,9
New Zealand,2021,629,3.95,4
New Zealand,2022,477,4.08,5
New Zealand,2023,508,3.8,6
Oman,2019,412,1.86,5
Oman,2020,456,2.16,7
Oman,2021,324,1.79,6
Oman,2022,470,2.35,4
Oman,2023,401,2.32,4
Pakistan,2019,983,4.6,7
Pakistan,2020,898,4.32,8
Pakistan,2021,1061,4.77,3
Pakistan,2022,1079,4.38,6
Pakistan,2023,892,4.37,2
Panama,2019,271,2.99,3
Panama,2020,193,2.89,3
Panama,2021,184,3.16,7
Panama,2022,267,3.06,2
Panama,2023,299,2.77,1
Pitcairn,2019,291,3.05,5
Pitcairn,2020,144,3.05,3
Pitcairn,2021,258,2.89,3
Pitcairn,2022,258,3.4,3
Pitcairn,2023,168,3.28,8
Peru,2019,201,3.61,8
Peru,2020,256,3.81,5
Peru,2021,337,3.8,6
Peru,2022,331,3.9,7
Peru,2023,242,3.75,7
Philippines,2019,616,4.19,4
Philippines,2020,573,4.08,3
Philippines,2021,561,4.33,4
Philippines,2022,600,4.08,4
Philippines,2023,546,4.09,5
Palau,2019,526,2.77,2
Palau,2020,563,2.33,7
Palau,2021,446,2.69,8
Palau,2022,555,2.9,2
Palau,2023,527,2.47,5
Papua New Guinea,2019,534,3.76,6
Papua New Guinea,2020,560,3.68,6
Papua New Guinea,2021,545,3.55,10
Papua New Guinea,2022,555,3.48,6
Papua New Guinea,2023,624,3.53,4
Poland,2019,197,2.95,6
Poland,2020,156,3.36,4
Poland,2021,106,3,3
Poland,2022,163,3.04,5
Poland,2023,113,3.09,10
Puerto Rico,2019,727,3.17,5
Puerto Rico,2020,830,3.41,7
Puerto Rico,2021,792,3.4,5
Puerto Rico,2022,838,3.23,6
Puerto Rico,2023,780,3.31,2
"Korea, Democratic People's Republic of",2019,536,2.28,4
"Korea, Democratic People's Republic of",2020,623,2.43,3
"Korea, Democratic People's Republic of",2021,610,2.33,3
"Korea, Democratic People's Republic of",2022,505,2.05,2
"Korea, Democratic People's Republic of",2023,529,2.38,3
Portugal,2019,634,3.91,6
Portugal,2020,703,3.88,4
Portugal,2021,694,4.16,8
Portugal,2022,606,3.88,6
Portugal,2023,711,4.05,8
Paraguay,2019,28,2.17,4
Paraguay,2020,180,2.39,8
Paraguay,2021,188,2.29,3
Paraguay,2022,110,2.3,2
Paraguay,2023,184,2,9
"Palestine, State of",2019,739,2.37,4
"Palestine, State of",2020,807,2.32,4
"Palestine, State of",2021,826,2.29,3
"Palestine, State of",2022,755,2.35,4
"Palestine, State of",2023,871,2.42,5
French Polynesia,2019,641,2.06,9
French Polynesia,2020,559,1.96,6
French Polynesia,2021,648,2.05,5
French Polynesia,2022,595,2.13,5
French Polynesia,2023,462,1.74,4
Qatar,2019,392,3.21,6
Qatar,2020,417,3.05,7
Qatar,2021,405,3,6
Qatar,2022,303,3.16,8
Qatar,2023,292,3.05,2
Réunion,2019,371,2.2,6
Réunion,2020,308,2.19,8
Réunion,2021,250,1.99,3
Réunion,2022,436,2.17,4
Réunion,2023,309,2.44,6
Romania,2019,208,3.18,10
Romania,2020,77,3.18,6
Romania,2021,213,3.03,5
Romania,2022,123,2.7,3
Romania,2023,82,3.16,7
Russian Federation,2019,25,2.24,5
Russian Federation,2020,37,2.48,6
Russian Federation,2021,10,2.64,3
Russian Federation,2022,10,2.23,7
Russian Federation,2023,10,2.37,8
Rwanda,2019,38,3.21,7
Rwanda,2020,40,3.34,5
Rwanda,2021,59,3.39,4
Rwanda,2022,90,3.28,5
Rwanda,2023,73,3.51,10
Saudi Arabia,2019,943,4.24,4
Saudi Arabia,2020,916,4.17,5
Saudi Arabia,2021,947,4.34,7
Saudi Arabia,2022,833,4.27,8
Saudi Arabia,2023,880,4.38,5
Sudan,2019,592,2.79,3
Sudan,2020,732,2.59,6
Sudan,2021,691,2.65,2
Sudan,2022,598,2.78,7
Sudan,2023,641,2.63,6
Senegal,2019,294,3.24,4
Senegal,2020,356,3.54,6
Senegal,2021,267,3.47,4
Senegal,2022,360,3.04,5
Senegal,2023,463,3.59,4
Singapore,2019,519,3.85,6
Singapore,2020,414,3.81,5
Singapore,2021,551,3.81,6
Singapore,2022,491,3.62,5
Singapore,2023,553,4.15,3
South Georgia and the South Sandwich Islands,2019,1059,3.54,6
South Georgia and the South Sandwich Islands,2020,957,3.92,2
South Georgia and the South Sandwich Islands,2021,967,3.69,5
South Georgia and the South Sandwich Islands,2022,1029,3.6,4
South Georgia and the South Sandwich Islands,2023,906,3.66,3
"Saint Helena, Ascension and Tristan da Cunha",2019,277,3.13,4
"Saint Helena, Ascension and Tristan da Cunha",2020,255,2.62,7
"Saint Helena, Ascension and Tristan da Cunha",2021,185,2.98,9
"Saint Helena, Ascension and Tristan da Cunha",2022,336,3.06,6
"Saint Helena, Ascension and Tristan da Cunha",2023,239,3.1,4
Svalbard and Jan Mayen,2019,529,2.77,2
Svalbard and Jan Mayen,2020,470,2.77,5
Svalbard and Jan Mayen,2021,540,2.49,8
Svalbard and Jan Mayen,2022,544,2.38,3
Svalbard and Jan Mayen,2023,624,2.5,9
Solomon Islands,2019,261,3.86,6
Solomon Islands,2020,406,3.86,2
Solomon Islands,2021,279,4.06,6
Solomon Islands,2022,344,3.86,2
Solomon Islands,2023,284,3.86,6
Sierra Leone,2019,264,3.65,10
Sierra Leone,2020,287,3.64,5
Sierra Leone,2021,362,3.85,4
Sierra Leone,2022,337,3.8,3
Sierra Leone,2023,262,3.8,5
El Salvador,2019,656,3.28,4
El Salvador,2020,517,3.24,3
El Salvador,2021,557,2.88,4
El Salvador,2022,603,3.27,4
El Salvador,2023,587,2.97,7
San Marino,2019,215,4.33,1
San Marino,2020,237,4.19,6
San Marino,2021,57,3.86,4
San Marino,2022,106,3.91,3
San Marino,2023,200,4.15,4
Somalia,2019,347,3.81,3
Somalia,2020,398,4.12,3
Somalia,2021,312,4.16,6
Somalia,2022,292,3.84,7
Somalia,2023,367,4.21,5
Saint Pierre and Miquelon,2019,240,3.63,4
Saint Pierre and Miquelon,2020,156,3.71,6
Saint Pierre and Miquelon,2021,244,3.33,7
Saint Pierre and Miquelon,2022,306,3.32,10
Saint Pierre and Miquelon,2023,154,3.19,5
Serbia,2019,252,3.4,2
Serbia,2020,260,3.78,9
Serbia,2021,250,3.71,6
Serbia,2022,105,3.38,5
Serbia,2023,185,3.38,5
South Sudan,2019,80,2.7,10
South Sudan,2020,157,2.17,2
South Sudan,2021,108,2.71,1
South Sudan,2022,113,2.64,4
South Sudan,2023,165,2.6,3
Sao Tome and Principe,2019,336,3.61,4
Sao Tome and Principe,2020,257,3.61,3
Sao Tome and Principe,2021,173,3.66,6
Sao Tome and Principe,2022,255,3.78,8
Sao Tome and Principe,2023,231,3.9,8
Suriname,2019,632,3.38,8
Suriname,2020,687,3.34,2
Suriname,2021,591,3.15,5
Suriname,2022,687,3.1,7
Suriname,2023,558,2.91,9
Slovakia,2019,1025,2.22,11
Slovakia,2020,958,2.42,4
Slovakia,2021,1055,2.31,8
Slovakia,2022,926,2.4,4
Slovakia,2023,988,2.17,7
Slovenia,2019,647,4.16,6
Slovenia,2020,617,4.09,4
Slovenia,2021,533,4.55,1
Slovenia,2022,488,4.26,3
Slovenia,2023,510,4.12,7
Sweden,2019,981,2,3
Sweden,2020,928,2.31,5
Sweden,2021,976,1.92,3
Sweden,2022,840,2.03,3
Sweden,2023,905,2.29,5
Eswatini,2019,901,3.85,4
Eswatini,2020,936,3.99,6
Eswatini,2021,933,3.74,6
Eswatini,2022,860,4.12,8
Eswatini,2023,884,3.79,3
Sint Maarten (Dutch part),2019,266,2.43,4
Sint Maarten (Dutch part),2020,331,2.77,8
Sint Maarten (Dutch part),2021,297,2.35,7
Sint Maarten (Dutch part),2022,199,2.57,7
Sint Maarten (Dutch part),2023,353,2.81,5
Seychelles,2019,361,2.57,6
Seychelles,2020,346,2.13,5
Seychelles,2021,402,2.01,11
Seychelles,2022,343,2.06,5
Seychelles,2023,443,2.16,5
Syrian Arab Republic,2019,555,3.71,3
Syrian Arab Republic,2020,458,3.65,5
Syrian Arab Republic,2021,555,4.03,5
Syrian Arab Republic,2022,465,3.58,3
Syrian Arab Republic,2023,414,3.69,8
Turks and Caicos Islands,2019,539,2.65,5
Turks and Caicos Islands,2020,650,2.48,4
Turks and Caicos Islands,2021,646,2.62,8
Turks and Caicos Islands,2022,551,2.3,7
Turks and Caicos Islands,2023,592,2.61,4
Chad,2019,147,3.9,5
Chad,2020,101,3.89,2
Chad,2021,98,4.24,5
Chad,2022,136,3.85,4
Chad,2023,222,4.08,4
Togo,2019,315,3.45,8
Togo,2020,177,3.41,7
Togo,2021,346,3.46,3
Togo,2022,309,3.44,5
Togo,2023,201,3.81,3
Thailand,2019,173,2.45,9
Thailand,2020,95,2.23,2
Thailand,2021,144,2.59,5
Thailand,2022,266,2.17,4
Thailand,2023,261,2.6,7
Tajikistan,2019,529,3.41,3
Tajikistan,2020,513,3.7,4
Tajikistan,2021,522,3.7,7
Tajikistan,2022,471,3.61,3
Tajikistan,2023,450,3.21,2
Tokelau,2019,222,2.71,10
Tokelau,2020,346,3.09,9
Tokelau,2021,287,2.69,5
Tokelau,2022,228,2.51,7
Tokelau,2023,216,2.81,2
Turkmenistan,2019,499,2.81,1
Turkmenistan,2020,445,3.04,2
Turkmenistan,2021,416,2.72,3
Turkmenistan,2022,351,2.79,1
Turkmenistan,2023,398,2.72,7
Timor-Leste,2019,771,2.05,6
Timor-Leste,2020,713,2.19,5
Timor-Leste,2021,709,2.18,2
Timor-Leste,2022,630,2.5,6
Timor-Leste,2023,722,2.04,7
Tonga,2019,211,3.93,9
Tonga,2020,338,3.93,7
Tonga,2021,293,3.94,7
Tonga,2022,339,3.85,3
Tonga,2023,358,3.61,4
Trinidad and Tobago,2019,324,2.33,5
Trinidad and Tobago,2020,314,2.28,9
Trinidad and Tobago,2021,367,2.51,4
Trinidad and Tobago,2022,378,2.51,5
Trinidad and Tobago,2023,349,2.44,6
Tunisia,2019,667,2.72,9
Tunisia,2020,761,3.04,5
Tunisia,2021,770,2.79,5
Tunisia,2022,744,3.04,6
Tunisia,2023,648,2.71,6
Türkiye,2019,733,2.56,1
Türkiye,2020,803,2.25,1
Türkiye,2021,668,2.19,5
Türkiye,2022,687,2.66,7
Türkiye,2023,775,2.52,6
Tuvalu,2019,648,2.8,7
Tuvalu,2020,637,2.41,7
Tuvalu,2021,601,2.78,6
Tuvalu,2022,545,2.71,7
Tuvalu,2023,625,2.74,8
"Taiwan, Province of China",2019,903,3.29,4
"Taiwan, Province of China",2020,992,3.12,11
"Taiwan, Province of China",2021,917,2.99,3
"Taiwan, Province of China",2022,1065,2.94,4
"Taiwan, Province of China",2023,895,3.11,2
"Tanzania, United Republic of",2019,245,3.36,5
"Tanzania, United Republic of",2020,192,3.28,4
"Tanzania, United Republic of",2021,109,3.63,7
"Tanzania, United Republic of",2022,94,3.27,2
"Tanzania, United Republic of",2023,114,3.42,5
Uganda,2019,702,3.11,8
Uganda,2020,704,2.98,8
Uganda,2021,598,3.17,3
Uganda,2022,593,3.03,11
Uganda,2023,648,3.36,1
Ukraine,2019,190,2.71,2
Ukraine,2020,203,2.56,2
Ukraine,2021,294,2.91,3
Ukraine,2022,192,3.05,5
Ukraine,2023,247,2.82,3
United States Minor Outlying Islands,2019,848,3.62,7
United States Minor Outlying Islands,2020,904,3.66,5
United States Minor Outlying Islands,2021,909,4,3
United States Minor Outlying Islands,2022,923,3.87,2
United States Minor Outlying Islands,2023,876,4.17,4
Uruguay,2019,157,3.97,4
Uruguay,2020,138,4.16,4
Uruguay,2021,94,4.2,5
Uruguay,2022,87,4.38,4
Uruguay,2023,33,4.33,6
United States,2019,818,3.71,5
United States,2020,729,3.97,4
United States,2021,845,3.4,3
United States,2022,860,3.61,5
United States,2023,729,3.89,9
Uzbekistan,2019,853,3.92,2
Uzbekistan,2020,693,4.03,5
Uzbekistan,2021,740,3.98,8
Uzbekistan,2022,791,3.83,8
Uzbekistan,2023,797,3.98,0
Holy See (Vatican City State),2019,87,3.26,7
Holy See (Vatican City State),2020,249,2.98,3
Holy See (Vatican City State),2021,90,2.71,4
Holy See (Vatican City State),2022,240,2.9,2
Holy See (Vatican City State),2023,73,3.19,2
Saint Vincent and the Grenadines,2019,495,3.6,2
Saint Vincent and the Grenadines,2020,421,3.58,4
Saint Vincent and the Grenadines,2021,534,3.83,2
Saint Vincent and the Grenadines,2022,582,3.61,5
Saint Vincent and the Grenadines,2023,448,3.53,4
"Venezuela, Bolivarian Republic of",2019,804,2.54,3
"Venezuela, Bolivarian Republic of",2020,729,2.87,2
"Venezuela, Bolivarian Republic of",2021,779,2.64,5
"Venezuela, Bolivarian Republic of",2022,712,2.39,7
"Venezuela, Bolivarian Republic of",2023,849,2.61,8
"Virgin Islands, British",2019,606,2.55,8
"Virgin Islands, British",2020,639,2.32,4
"Virgin Islands, British",2021,755,2.35,4
"Virgin Islands, British",2022,642,2.39,4
"Virgin Islands, British",2023,680,2.51,3
"Virgin Islands, U.S.",2019,701,2.78,9
"Virgin Islands, U.S.",2020,778,2.69,6
"Virgin Islands, U.S.",2021,665,2.63,5
"Virgin Islands, U.S.",2022,730,2.45,4
"Virgin Islands, U.S.",2023,681,2.58,6
Viet Nam,2019,360,3.91,7
Viet Nam,2020,267,3.69,7
Viet Nam,2021,330,3.62,2
Viet Nam,2022,302,3.99,7
Viet Nam,2023,328,4.09,6
Vanuatu,2019,770,2.79,7
Vanuatu,2020,748,2.89,4
Vanuatu,2021,755,2.97,4
Vanuatu,2022,794,2.63,2
Vanuatu,2023,901,2.86,4
Wallis and Futuna,2019,776,2.27,4
Wallis and Futuna,2020,892,2.24,4
Wallis and Futuna,2021,829,2.25,6
Wallis and Futuna,2022,927,2.26,5
Wallis and Futuna,2023,802,2.19,3
Samoa,2019,564,4.39,1
Samoa,2020,513,4.58,2
Samoa,2021,510,4.45,7
Samoa,2022,563,4.31,7
Samoa,2023,543,4.41,4
Yemen,2019,445,3.71,5
Yemen,2020,520,3.92,4
Yemen,2021,547,3.6,5
Yemen,2022,500,3.81,4
Yemen,2023,463,4.09,3
South Africa,2019,397,3.22,7
South Africa,2020,467,3.36,3
South Africa,2021,358,3.47,2
South Africa,2022,316,3.66,3
South Africa,2023,454,3.65,3
Zambia,2019,547,4.05,4
Zambia,2020,476,3.95,7
Zambia,2021,484,4.14,3
Zambia,2022,459,3.89,5
Zambia,2023,431,4.28,3
Zimbabwe,2019,686,2.89,7
Zimbabwe,2020,682,2.9,4
Zimbabwe,2021,712,2.74,7
Zimbabwe,2022,765,2.94,8
Zimbabwe,2023,613,3.05,5